<?xml version="1.0" encoding="UTF-8"?>
<project-private xmlns="http://www.netbeans.org/ns/project-private/1">
    <editor-bookmarks xmlns="http://www.netbeans.org/ns/editor-bookmarks/2" lastBookmarkId="0"/>
    <open-files xmlns="http://www.netbeans.org/ns/projectui-open-files/2">
        <group>
            <file>file:/C:/Users/ACER/Documents/PRJ301/Lab01_Servlet_SE193851/web/LoginFailed.html</file>
            <file>file:/C:/Users/ACER/Documents/PRJ301/Lab01_Servlet_SE193851/web/Login.html</file>
            <file>file:/C:/Users/ACER/Documents/PRJ301/Lab01_Servlet_SE193851/web/CreateBook.html</file>
            <file>file:/C:/Users/ACER/Documents/PRJ301/Lab01_Servlet_SE193851/web/WEB-INF/web.xml</file>
        </group>
    </open-files>
</project-private>
